Name,Subjects
LIST_A,"Mathematics, Microbiology, Biochemistry, Computer Science, Home Science"
LIST_B,"Mathematics, Microbiology, Biochemistry, Computer Science, Home Science, Nutrition and Dietetics"
LIST_C,"Mathematics, Computer Science"
LIST_D,"Mathematics, Microbiology, Biochemistry, Computer Science, Home Science"
LIST_E,"Biology, Computer Science"
LIST_F,"Biology, Mathematics"
LIST_G,"Commerce"
LIST_H,"Computer Science, Computer Application"
LIST_I,"Commerce, Geography, Agricultural Science- Theory, Nursing (Vocational)- Theory, Accountancy - Theory, Food Service Management - Theory, Textile and Dress Designing - Theory, Basic Automobile Engineering- Theory, Basic Civil Engineering- Theory, Basic Electrical Engineering- Theory, Basic Electronics Engineering- Theory, Basic Mechanical Engineering- Theory, Textile Technology- Theory"
